{
    "dimensions": [
        "PC1",
        "PC2",
        "PC3",
        "PC4",
        "PC5",
        "PC6",
        "PC7",
        "PC8"
    ],
    "theories": {
        "Evidence_for_dark": [
            0.7864243984222412,
            0.1458839476108551,
            0.7392491698265076,
            0.49520790576934814,
            0.0,
            0.41337013244628906,
            0.7248516082763672,
            0.23836374282836914
        ],
        "Modified_Newtonian_Dynamics": [
            0.5647973418235779,
            0.0,
            0.3240058422088623,
            0.5958253145217896,
            0.3645719289779663,
            0.0,
            0.6273900270462036,
            0.33733928203582764
        ],
        "The_Bullet_Cluster": [
            0.719392716884613,
            0.5615797638893127,
            0.7001668810844421,
            0.5221274495124817,
            0.08922401070594788,
            1.0,
            0.45916056632995605,
            0.149495929479599
        ],
        "Modified_gravity_theories": [
            0.4871157705783844,
            0.5441529154777527,
            0.0,
            0.15058311820030212,
            0.3069543242454529,
            0.5682791471481323,
            0.5727805495262146,
            0.2898142635822296
        ],
        "Weakly_Interacting_Massive": [
            0.9742963910102844,
            1.0,
            0.4333113729953766,
            0.8177763819694519,
            0.4698151648044586,
            0.7058477401733398,
            0.6170372366905212,
            0.5993252396583557
        ],
        "Emergent_gravity_and": [
            0.32878580689430237,
            0.1320420652627945,
            0.5341995358467102,
            1.0,
            0.6751639246940613,
            0.6778510212898254,
            0.6152719259262085,
            0.8798990845680237
        ],
        "Small-scale_challenges_to": [
            0.9259089231491089,
            0.6149486303329468,
            0.32073232531547546,
            0.0,
            0.4939575493335724,
            0.5577159523963928,
            0.7741467356681824,
            1.0
        ],
        "The_missing_satellite": [
            0.6989454627037048,
            0.5052380561828613,
            1.0,
            0.1157354861497879,
            0.6627663373947144,
            0.22012244164943695,
            0.887366771697998,
            0.5831027030944824
        ],
        "Gravitational_waves_from": [
            0.0,
            0.9522371888160706,
            0.5797919034957886,
            0.4177688956260681,
            0.7217451333999634,
            0.7712973952293396,
            0.8931424617767334,
            0.20920230448246002
        ],
        "Axion-like_particles_and": [
            1.0,
            0.865044116973877,
            0.45586448907852173,
            0.6699965000152588,
            0.8959958553314209,
            0.08056801557540894,
            0.48823800683021545,
            0.0
        ],
        "Large-scale_structure_simulations": [
            0.7943606376647949,
            0.12608745694160461,
            0.3829599916934967,
            0.4590320289134979,
            0.49205654859542847,
            0.8623660802841187,
            1.0,
            0.245961531996727
        ],
        "Modified_gravity_must": [
            0.09706774353981018,
            0.5637288689613342,
            0.512116551399231,
            0.3337376117706299,
            0.35141420364379883,
            0.19014838337898254,
            0.3812517523765564,
            0.48039716482162476
        ],
        "Direct_detection_experiments": [
            0.6374734044075012,
            0.7156313061714172,
            0.5428754687309265,
            0.6419312953948975,
            0.2347542941570282,
            0.4067378640174866,
            0.4295709729194641,
            0.8914811611175537
        ],
        "The_Tully-Fisher_relation": [
            0.6925449967384338,
            0.026797020807862282,
            0.4251721501350403,
            0.4904630780220032,
            1.0,
            0.6551094055175781,
            0.6471545100212097,
            0.4456634819507599
        ],
        "Cosmological_constant_and": [
            0.6966351270675659,
            0.21665041148662567,
            0.6492663025856018,
            0.1355506032705307,
            0.772445797920227,
            0.8299337029457092,
            0.0,
            0.4103774428367615
        ]
    },
    "variance_explained": [
        0.18832378089427948,
        0.11397606134414673,
        0.09454686939716339,
        0.08299490809440613,
        0.07565457373857498,
        0.06886972486972809,
        0.061565984040498734,
        0.057526782155036926
    ]
}