{
  "stress_test": {
    "4WAY_Grand": {
      "qc": 0.9758400000000002,
      "qw": 0.8939999999999997,
      "qb": 1.0000000000000029,
      "frag": 0.1060000000000032,
      "btn": "T"
    },
    "PP": {
      "qc": 0.9151140000000001,
      "qw": 0.8499999999999996,
      "qb": 0.9436500000000024,
      "frag": 0.09365000000000279,
      "btn": "T"
    },
    "GWT": {
      "qc": 0.901536,
      "qw": 0.849999999999999,
      "qb": 0.9276000000000029,
      "frag": 0.07760000000000389,
      "btn": "V"
    },
    "IIT": {
      "qc": 0.8859539999999999,
      "qw": 0.7899999999999994,
      "qb": 0.9400000000000021,
      "frag": 0.1500000000000027,
      "btn": "T"
    },
    "Thermo_Phase": {
      "qc": 0.8649,
      "qw": 0.6649999999999998,
      "qb": 0.9300000000000015,
      "frag": 0.2650000000000017,
      "btn": "P"
    },
    "IRT_Latent": {
      "qc": 0.8595,
      "qw": 0.6249999999999996,
      "qb": 0.9550000000000023,
      "frag": 0.33000000000000274,
      "btn": "T"
    },
    "HOT": {
      "qc": 0.8500399999999999,
      "qw": 0.7799999999999998,
      "qb": 0.9200000000000017,
      "frag": 0.1400000000000019,
      "btn": "V"
    },
    "ECC_Attn": {
      "qc": 0.8272999999999999,
      "qw": 0.585,
      "qb": 0.8800000000000042,
      "frag": 0.29500000000000426,
      "btn": "T"
    },
    "GameFreeWill": {
      "qc": 0.8234,
      "qw": 0.6399999999999997,
      "qb": 0.8850000000000029,
      "frag": 0.24500000000000322,
      "btn": "T"
    },
    "ImmuneSelf": {
      "qc": 0.7757,
      "qw": 0.6449999999999998,
      "qb": 0.8350000000000016,
      "frag": 0.19000000000000183,
      "btn": "T"
    }
  },
  "minimal_basis": [
    "4WAY_Grand",
    "PP",
    "GWT",
    "IIT",
    "HOT",
    "IRT_Latent",
    "Thermo_Phase",
    "ECC_Attn",
    "GameFreeWill",
    "ImmuneSelf"
  ],
  "consensus_Q": 0.9623036805202899,
  "consensus_profile": [
    0.9891628861234869,
    0.999928235449004,
    1.0,
    0.9955298085296186,
    0.9409051785655664,
    0.9874288333334235,
    0.8953315607956186,
    0.9267986356358788
  ],
  "top_Q_corpus": 0.9758,
  "top_Q_survey": 0.9441,
  "convergence_asymptote": 1.0999999999999999,
  "most_robust": "GWT",
  "most_fragile": "IRT_Latent",
  "phase_summary": {
    "Phase0": {
      "TopQ": 0.8487,
      "AvgQ": 0.7152
    },
    "Phase1": {
      "TopQ": 0.9161,
      "AvgQ": 0.783
    },
    "Phase2": {
      "TopQ": 0.9493,
      "AvgQ": 0.8938
    },
    "Phase3": {
      "TopQ": 0.9752,
      "AvgQ": 0.9579
    },
    "Phase4": {
      "TopQ": 0.9758,
      "AvgQ": 0.9595
    }
  }
}