{
  "stress_test": {
    "4WAY_Grand": {
      "qc": 0.9758400000000002,
      "qw": 0.894,
      "qb": 1.0,
      "frag": 0.10599999999999998,
      "btn": "T"
    },
    "PP": {
      "qc": 0.9151140000000001,
      "qw": 0.85,
      "qb": 0.94365,
      "frag": 0.09365000000000001,
      "btn": "T"
    },
    "GWT": {
      "qc": 0.901536,
      "qw": 0.85,
      "qb": 0.9276,
      "frag": 0.0776,
      "btn": "V"
    },
    "IIT": {
      "qc": 0.8859539999999999,
      "qw": 0.79,
      "qb": 0.94,
      "frag": 0.1499999999999999,
      "btn": "T"
    },
    "Thermo_Phase": {
      "qc": 0.8649,
      "qw": 0.665,
      "qb": 0.9299999999999999,
      "frag": 0.2649999999999999,
      "btn": "P"
    },
    "IRT_Latent": {
      "qc": 0.8595,
      "qw": 0.625,
      "qb": 0.9550000000000001,
      "frag": 0.33000000000000007,
      "btn": "T"
    },
    "HOT": {
      "qc": 0.8500399999999999,
      "qw": 0.78,
      "qb": 0.9199999999999999,
      "frag": 0.1399999999999999,
      "btn": "V"
    },
    "ECC_Attn": {
      "qc": 0.8272999999999999,
      "qw": 0.585,
      "qb": 0.88,
      "frag": 0.29500000000000004,
      "btn": "T"
    },
    "GameFreeWill": {
      "qc": 0.8234,
      "qw": 0.6399999999999999,
      "qb": 0.885,
      "frag": 0.2450000000000001,
      "btn": "T"
    },
    "ImmuneSelf": {
      "qc": 0.7757,
      "qw": 0.645,
      "qb": 0.835,
      "frag": 0.18999999999999995,
      "btn": "T"
    }
  },
  "minimal_basis": [
    "4WAY_Grand",
    "PP",
    "GWT",
    "IIT",
    "HOT",
    "IRT_Latent",
    "Thermo_Phase",
    "ECC_Attn",
    "GameFreeWill",
    "ImmuneSelf"
  ],
  "consensus_Q": 0.9584757702220479,
  "consensus_profile": [
    0.9805712119515977,
    0.9852988033544385,
    0.9953344344655627,
    0.9978420235601699,
    0.958408523258185,
    0.9595765409272203,
    0.9298327794413385,
    0.9111530559251241
  ],
  "top_Q_corpus": 0.9758,
  "top_Q_survey": 0.9441,
  "convergence_asymptote": 1.0999999999999999,
  "most_robust": "GWT",
  "most_fragile": "IRT_Latent",
  "phase_summary": {
    "Phase0": {
      "TopQ": 0.8487,
      "AvgQ": 0.7152
    },
    "Phase1": {
      "TopQ": 0.9161,
      "AvgQ": 0.783
    },
    "Phase2": {
      "TopQ": 0.9493,
      "AvgQ": 0.8938
    },
    "Phase3": {
      "TopQ": 0.9752,
      "AvgQ": 0.9579
    },
    "Phase4": {
      "TopQ": 0.9758,
      "AvgQ": 0.9595
    }
  }
}