{
    "CONSCIOUSNESS": {
        "v_opt": [
            0.49178379963344243,
            0.637627893015469,
            0.6170130249062726,
            0.3198851831204037,
            0.4372525084299671,
            0.5206388675029777,
            0.3976704527163697,
            0.7317412399325416
        ],
        "q_score": 0.5283024661906355,
        "mixture": {
            "Theory_4": 0.01900384943381549,
            "Theory_6": 0.49856708905720676,
            "Theory_12": 0.4824290615089778
        },
        "stress": {
            "worst_1pct": 0.39668511075742013,
            "mean": 0.5178711635609123,
            "best": 0.688310891846193,
            "exact_worst": 0.3198851831204037,
            "exact_best": 0.7317412399325416,
            "fragility": 0.4118560568121379
        },
        "variance_explained": [
            0.1573968082666397,
            0.10632705688476562,
            0.10225029289722443,
            0.08159059286117554,
            0.0795610249042511,
            0.07101178169250488,
            0.0652279481291771,
            0.062822125852108
        ]
    },
    "TOE": {
        "v_opt": [
            1.0,
            0.22947971522808075,
            0.9358510971069336,
            0.1676861047744751,
            0.9043609499931335,
            0.7376179099082947,
            1.0,
            0.14245615899562836
        ],
        "q_score": 0.6259908095002171,
        "mixture": {
            "Theory_11": 1.0
        },
        "stress": {
            "worst_1pct": 0.2805878131211708,
            "mean": 0.6440254235118261,
            "best": 0.9765440513978147,
            "exact_worst": 0.14245615899562836,
            "exact_best": 1.0,
            "fragility": 0.8575438410043716
        },
        "variance_explained": [
            0.1361672729253769,
            0.12621727585792542,
            0.11116241663694382,
            0.10095949470996857,
            0.0859060138463974,
            0.07403498888015747,
            0.06322905421257019,
            0.06074254959821701
        ]
    },
    "AGING": {
        "v_opt": [
            0.6831832386023657,
            0.5522637947697231,
            0.38399680958826454,
            0.8319081667431771,
            0.6150090794600652,
            0.7796735930783634,
            0.767981002793145,
            0.46746603057894415
        ],
        "q_score": 0.6316928748986138,
        "mixture": {
            "Theory_2": 0.1820628265972644,
            "Theory_8": 0.2850957580569937,
            "Theory_14": 0.5328414153457419
        },
        "stress": {
            "worst_1pct": 0.4686363977640259,
            "mean": 0.6358545930981507,
            "best": 0.8011840090741428,
            "exact_worst": 0.38399680958826454,
            "exact_best": 0.8319081667431771,
            "fragility": 0.4479113571549126
        },
        "variance_explained": [
            0.14920325577259064,
            0.11540506035089493,
            0.1112327128648758,
            0.09351839870214462,
            0.08125801384449005,
            0.07296398282051086,
            0.0626027062535286,
            0.05689077079296112
        ]
    },
    "ECON": {
        "v_opt": [
            0.6349789535527331,
            0.9033548800012658,
            0.49402583596684263,
            0.3060662563182075,
            0.33426620344275826,
            0.4614605182874074,
            0.9013709832654928,
            0.8451153047537961
        ],
        "q_score": 0.6418972769142502,
        "mixture": {
            "Theory_4": 0.15990710461455301,
            "Theory_9": 0.840092895385447
        },
        "stress": {
            "worst_1pct": 0.3918677528692748,
            "mean": 0.6101785861502481,
            "best": 0.8847479924165442,
            "exact_worst": 0.3060662563182075,
            "exact_best": 0.9033548800012658,
            "fragility": 0.5972886236830584
        },
        "variance_explained": [
            0.14477665722370148,
            0.13451005518436432,
            0.09309083223342896,
            0.08331315219402313,
            0.07979929447174072,
            0.06856495887041092,
            0.06606056541204453,
            0.06514669954776764
        ]
    },
    "AGI_LANG": {
        "v_opt": [
            0.6720817596857265,
            0.8234383396452712,
            0.427857141364846,
            0.6705408065023171,
            0.39503815674800596,
            0.9443620165914672,
            0.472444180633503,
            0.9746902778717563
        ],
        "q_score": 0.6827587137548152,
        "mixture": {
            "Theory_5": 0.08120163090837874,
            "Theory_6": 0.9187983690916213
        },
        "stress": {
            "worst_1pct": 0.46598661183790996,
            "mean": 0.6712139647826225,
            "best": 0.9046968323091236,
            "exact_worst": 0.39503815674800596,
            "exact_best": 0.9746902778717563,
            "fragility": 0.5796521211237504
        },
        "variance_explained": [
            0.14079979062080383,
            0.13748247921466827,
            0.11167120188474655,
            0.09789887070655823,
            0.08152063190937042,
            0.07611438632011414,
            0.06645670533180237,
            0.06023760512471199
        ]
    },
    "OUROBOROS": {
        "v_opt": [
            0.6336093806914532,
            0.5273098518041541,
            0.8897140748261132,
            0.35236987356894844,
            0.8612186920738495,
            0.6381805265704488,
            0.8952674883271641,
            0.49717269308315293
        ],
        "q_score": 0.6455761813440892,
        "mixture": {
            "Theory_5": 0.4081321966033456,
            "Theory_13": 0.5918678033966543
        },
        "stress": {
            "worst_1pct": 0.4807595767723068,
            "mean": 0.6575220359319021,
            "best": 0.8544235844756896,
            "exact_worst": 0.35236987356894844,
            "exact_best": 0.8952674883271641,
            "fragility": 0.5428976147582156
        },
        "variance_explained": [
            0.13521401584148407,
            0.12722091376781464,
            0.10418474674224854,
            0.08796995878219604,
            0.08499152958393097,
            0.07325828075408936,
            0.06805085390806198,
            0.06127960979938507
        ]
    }
}