{
    "CONSCIOUSNESS": {
        "v_opt": [
            0.4543166398621573,
            0.5173178071809781,
            0.4544164201409946,
            0.4677890815944775,
            0.48182623518486556,
            0.5797621351293998,
            0.3100406059143406,
            0.6268228796060995
        ],
        "q_score": 0.47957577996515094,
        "mixture": {
            "Panpsychism_Prop": 0.21474997689842643,
            "FreeWill_Nash": 0.3949552249672075,
            "DoC_Clinical": 0.390294798134366
        },
        "robustness": {
            "IIT_Phi": {
                "worst_stoch": 0.253144377592925,
                "worst_exact": 0.19149319652458574,
                "mean": 0.43895383300336577,
                "fragility": 0.5633309807625183
            },
            "GWT_Broadcast": {
                "worst_stoch": 0.2037109516218771,
                "worst_exact": 0.1275054209696851,
                "mean": 0.3635678412114128,
                "fragility": 0.5531486027919953
            },
            "PP_ActiveInfer": {
                "worst_stoch": 0.1327379835094915,
                "worst_exact": 0.0,
                "mean": 0.43935392129297435,
                "fragility": 0.8849040791514933
            },
            "HOT_MetaRep": {
                "worst_stoch": 0.1472577640161001,
                "worst_exact": 0.0,
                "mean": 0.4452894744886358,
                "fragility": 0.8877702003994683
            },
            "Illusionism_Rep": {
                "worst_stoch": 0.16737621550707557,
                "worst_exact": 0.08552922052218248,
                "mean": 0.38080764707291387,
                "fragility": 0.6794808985285091
            },
            "Panpsychism_Prop": {
                "worst_stoch": 0.3826036358279853,
                "worst_exact": 0.346928867340185,
                "mean": 0.48582780416001586,
                "fragility": 0.4047807042634509
            },
            "IRT_Latent": {
                "worst_stoch": 0.1943409228111809,
                "worst_exact": 0.1451736357231298,
                "mean": 0.38270329348503124,
                "fragility": 0.5025129864051582
            },
            "Thermo_Phase": {
                "worst_stoch": 0.17670457587411376,
                "worst_exact": 0.061823485969006775,
                "mean": 0.4090199101343306,
                "fragility": 0.5263288653535102
            },
            "ECC_Shannon": {
                "worst_stoch": 0.1803844933188271,
                "worst_exact": 0.09615245837526759,
                "mean": 0.3947405883042736,
                "fragility": 0.8314082338490434
            },
            "Self_Model": {
                "worst_stoch": 0.22524384695652566,
                "worst_exact": 0.13839831609014763,
                "mean": 0.4507214191001115,
                "fragility": 0.8393736836413919
            },
            "FreeWill_Nash": {
                "worst_stoch": 0.33149985656352754,
                "worst_exact": 0.27586039589660966,
                "mean": 0.4948966805396306,
                "fragility": 0.47598600868850843
            },
            "DoC_Clinical": {
                "worst_stoch": 0.19225876900702676,
                "worst_exact": 0.035822471292586644,
                "mean": 0.47950794879286285,
                "fragility": 0.8434337382123664
            }
        },
        "variance_explained": null
    },
    "TOE": {
        "v_opt": [
            0.5694090396755643,
            0.2330335371398819,
            0.6533736160332133,
            0.4211401588658203,
            0.5676252156408657,
            0.6068530370851368,
            0.6870843145033032,
            0.36890061193754625
        ],
        "q_score": 0.5119345223621848,
        "mixture": {
            "AdS_CFT": 0.39551500712614934,
            "Entropic_Gravity": 0.6044849928738506
        },
        "robustness": {
            "String_Theory": {
                "worst_stoch": 0.2547656494430115,
                "worst_exact": 0.21024612093892286,
                "mean": 0.4183503082678753,
                "fragility": 0.3890739198570879
            },
            "Loop_QG": {
                "worst_stoch": 0.1139162918808292,
                "worst_exact": 0.0,
                "mean": 0.49813831755852606,
                "fragility": 1.0
            },
            "Wolfram_Physics": {
                "worst_stoch": 0.2184463668949372,
                "worst_exact": 0.08725200973549163,
                "mean": 0.4914934761664603,
                "fragility": 0.8374775812001347
            },
            "AdS_CFT": {
                "worst_stoch": 0.2848795643759509,
                "worst_exact": 0.16072772607385233,
                "mean": 0.5112597430315584,
                "fragility": 0.5381820155048238
            },
            "Causal_Sets": {
                "worst_stoch": 0.2208040717423112,
                "worst_exact": 0.09986333905998462,
                "mean": 0.4809829799084674,
                "fragility": 0.9001366609400154
            },
            "Asymptotic_Safe": {
                "worst_stoch": 0.2263627341378157,
                "worst_exact": 0.13469458453600117,
                "mean": 0.4601911045205111,
                "fragility": 0.6232426807608232
            },
            "Twistor_Theory": {
                "worst_stoch": 0.186335813428266,
                "worst_exact": 0.11014701011577477,
                "mean": 0.35932408326171167,
                "fragility": 0.44322034517737163
            },
            "Entropic_Gravity": {
                "worst_stoch": 0.3732219208029112,
                "worst_exact": 0.2803432862919354,
                "mean": 0.5199080746441376,
                "fragility": 0.423054229328405
            }
        },
        "variance_explained": null
    },
    "AGING": {
        "v_opt": [
            0.4425585556809545,
            0.630851073716743,
            0.8383089291301782,
            0.981130352845863,
            0.7232285295991465,
            0.280902298504878,
            0.1806376341054179,
            0.5104149713416338
        ],
        "q_score": 0.5504525982411762,
        "mixture": {
            "Inflammaging_IL6": 1.0
        },
        "robustness": {
            "Epigenetic_Clock": {
                "worst_stoch": 0.17727770217289796,
                "worst_exact": 0.11365411863660269,
                "mean": 0.3876812258937321,
                "fragility": 0.770392521622927
            },
            "Senescence_SASP": {
                "worst_stoch": 0.2961402520427081,
                "worst_exact": 0.15561836910247467,
                "mean": 0.5890155971071307,
                "fragility": 0.8443816308975254
            },
            "Telomere_Attrition": {
                "worst_stoch": 0.22856909657382007,
                "worst_exact": 0.1551456972129504,
                "mean": 0.4708681765688257,
                "fragility": 0.7502492713047206
            },
            "Mitochondrial_ROS": {
                "worst_stoch": 0.14331300546392228,
                "worst_exact": 0.09445308966241778,
                "mean": 0.3979034108806326,
                "fragility": 0.8171529310292405
            },
            "Proteostasis_HSP": {
                "worst_stoch": 0.13439029951831075,
                "worst_exact": 0.0,
                "mean": 0.4717312483300425,
                "fragility": 0.7367496575902509
            },
            "mTOR_Sirtuin": {
                "worst_stoch": 0.3180710325868292,
                "worst_exact": 0.27239494075067067,
                "mean": 0.49438260622194513,
                "fragility": 0.503520550116126
            },
            "Inflammaging_IL6": {
                "worst_stoch": 0.30085589283486225,
                "worst_exact": 0.1806376341054179,
                "mean": 0.5758073171538305,