{
    "CONSCIOUSNESS": {
        "v_opt": [
            0.4115130270265924,
            0.6578198495999299,
            0.8584710351692896,
            0.5677580197324384,
            0.6977208954296782,
            0.4056542080761629,
            0.21861752295094558,
            0.6766796099054058
        ],
        "q_score": 0.5817256988640969,
        "mixture": {
            "Panpsychism_Prop": 0.6081454291711548,
            "Self_Model": 0.3918545708288453
        },
        "stress": {
            "worst_stoch": 0.33092443400135324,
            "worst_exact": 0.21861752295094558,
            "mean": 0.5602770020689439,
            "fragility": 0.639853512218344
        },
        "variance_explained": [
            0.009700782286553128,
            0.09863018902259874,
            0.09385661423047485,
            0.09465110938295938,
            0.09372570168996548,
            0.08988697494613385,
            0.09068577240342372,
            0.08969893059228141
        ]
    },
    "TOE": {
        "v_opt": [
            0.06922708826938344,
            0.5015819823520639,
            0.8695732774196668,
            0.7146512726693023,
            0.9075303452902801,
            0.6460395412021572,
            0.2419607501115179,
            0.0
        ],
        "q_score": 0.5196464108462704,
        "mixture": {
            "Twistor_Theory": 0.7631545659504173,
            "Entropic_Gravity": 0.23684543404958266
        },
        "stress": {
            "worst_stoch": 0.11248209591879195,
            "worst_exact": 0.0,
            "mean": 0.4797756436349032,
            "fragility": 0.9075303452902801
        },
        "variance_explained": [
            0.02780725692846062,
            0.14556653801686686,
            0.14555834973525913,
            0.1396021223725455,
            0.14434756437275084,
            0.14032209250338673,
            0.13566916240619437
        ]
    },
    "AGING": {
        "v_opt": [
            0.44882452639353154,
            0.7457088181160256,
            0.632078955307702,
            0.017148154584125747,
            1.0,
            1.0,
            0.6192885324109405,
            0.0
        ],
        "q_score": 0.4811874504366945,
        "mixture": {
            "Parabiosis_GDF11": 1.0
        },
        "stress": {
            "worst_stoch": 0.13050030537603172,
            "worst_exact": 0.0,
            "mean": 0.5622924409750094,
            "fragility": 1.0
        },
        "variance_explained": [
            0.015903980979219426,
            0.1495749134134921,
            0.14806584991674543,
            0.13769513803533123,
            0.14336609756840743,
            0.1393225053663319,
            0.13781153491255196
        ]
    },
    "ECON": {
        "v_opt": [
            0.6621043750888546,
            0.38165983798678665,
            0.6680747045432242,
            0.3945300007782622,
            0.7026858408047502,
            0.636105643795424,
            0.3301089263110937,
            0.0
        ],
        "q_score": 0.5587370076315376,
        "mixture": {
            "Austrian_Hayek": 0.6177836500534354,
            "Marxist_Capital": 0.3822163499465646
        },
        "stress": {
            "worst_stoch": 0.1601220698520404,
            "worst_exact": 0.0,
            "mean": 0.46970327809237233,
            "fragility": 0.7026858408047502
        },
        "variance_explained": [
            0.013700484816492334,
            0.14529687083949885,
            0.14648725096446874,
            0.14134421543879047,
            0.14278944763454227,
            0.14028705001215258,
            0.13608135831292512
        ]
    },
    "AGI_LANG": {
        "v_opt": [
            0.29693433843271877,
            0.36549465527229896,
            0.780188864310659,
            1.0,
            0.7363097634039443,
            0.8841118382968893,
            0.7107101096361372,
            0.0
        ],
        "q_score": 0.6085208106647678,
        "mixture": {
            "Mojo_MLIR": 1.0
        },
        "stress": {
            "worst_stoch": 0.2148384854363839,
            "worst_exact": 0.0,
            "mean": 0.6039114813282289,
            "fragility": 1.0
        },
        "variance_explained": [
            0.004734094506800391,
            0.1561820335959384,
            0.15009525699815018,
            0.1474880755172415,
            0.13965588971836354,
            0.13598995814670736,
            0.13475063276729404
        ]
    },
    "OUROBOROS": {
        "v_opt": [
            0.4081692557897808,
            1.0,
            0.3773024487949753,
            0.20997679075509987,
            0.45948436576838503,
            0.4305029605654131,
            1.0,
            0.0
        ],
        "q_score": 0.4483014029039987,
        "mixture": {
            "Simulation_World": 1.0
        },
        "stress": {
            "worst_stoch": 0.15275217466659322,
            "worst_exact": 0.0,
            "mean": 0.49355987106949933,
            "fragility": 1.0
        },
        "variance_explained": [
            0.02094246107965889,
            0.15001893017693868,
            0.14182230573360058,
            0.14254976917361759,
            0.1441207979469777,
            0.13417348313831626,
            0.13455133628462299
        ]
    },
    "isomorphisms": [
        "Isomorphism CONSCIOUSNESS <-> TOE: r=+0.452",
        "Isomorphism CONSCIOUSNESS <-> AGING: r=+0.060",
        "Isomorphism CONSCIOUSNESS <-> ECON: r=+0.405",
        "Isomorphism CONSCIOUSNESS <-> AGI_LANG: r=-0.048",
        "Isomorphism CONSCIOUSNESS <-> OUROBOROS: r=-0.359",
        "Isomorphism TOE <-> AGING: r=+0.611",
        "Isomorphism TOE <-> ECON: r=+0.738",
        "Isomorphism TOE <-> AGI_LANG: r=+0.762",
        "Isomorphism TOE <-> OUROBOROS: r=+0.132",
        "Isomorphism AGING <-> ECON: r=+0.563",
        "Isomorphism AGING <-> AGI_LANG: r=+0.359",
        "Isomorphism AGING <-> OUROBOROS: r=+0.663",
        "Isomorphism ECON <-> AGI_LANG: r=+0.405",
        "Isomorphism ECON <-> OUROBOROS: r=+0.060",
        "Isomorphism AGI_LANG <-> OUROBOROS: r=-0.036"
    ]
}