{
    "TOE": {
        "v_opt": [
            0.7973524012132451,
            0.5894207415099396,
            0.22942310607553837,
            0.5824669829811284,
            0.9041768416232777,
            0.4900028490115898,
            0.9862669553644916,
            0.4005061873586929
        ],
        "q_score": 0.636638920786109,
        "mixture": {
            "In_this_letter": 0.8731408466918217,
            "An_essential_step": 0.12685915330817824
        },
        "stress": {
            "worst_1pct": 0.37448118230205313,
            "mean": 0.6260937686100239,
            "exact_worst": 0.22942310607553837,
            "fragility": 0.7568438492889532
        },
        "variance_explained": [
            0.10820791125297546,
            0.08087814599275589,
            0.06009068712592125,
            0.054388377815485,
            0.049335259944200516,
            0.04497521370649338,
            0.0399605967104435,
            0.0373278483748436
        ]
    },
    "AGING": {
        "v_opt": [
            0.9484056830406189,
            0.4458921551704407,
            0.4220990836620331,
            0.9059268832206726,
            0.45660945773124695,
            0.5988913774490356,
            0.9265866875648499,
            1.0
        ],
        "q_score": 0.7098709166049952,
        "mixture": {
            "Genomic_instability_accumulates": 1.0
        },
        "stress": {
            "worst_1pct": 0.49398426107144927,
            "mean": 0.718050913456628,
            "exact_worst": 0.4220990836620331,
            "fragility": 0.5779009163379669
        },
        "variance_explained": [
            0.18695604801177979,
            0.15445221960544586,
            0.13780814409255981,
            0.12426242977380753,
            0.1082281619310379,
            0.09336723387241364,
            0.07850149273872375,
            0.062190450727939606
        ]
    },
    "ECON": {
        "v_opt": [
            0.6975248456001282,
            0.7395931482315063,
            0.2980785071849823,
            0.2690827548503876,
            0.20003388822078705,
            0.49330759048461914,
            0.593583345413208,
            0.8397903442382812
        ],
        "q_score": 0.556436811387539,
        "mixture": {
            "Post-Keynesian_economics_emphasises": 1.0
        },
        "stress": {
            "worst_1pct": 0.2970172692019685,
            "mean": 0.515571423805624,
            "exact_worst": 0.20003388822078705,
            "fragility": 0.6397564560174942
        },
        "variance_explained": [
            0.1897285133600235,
            0.14693228900432587,
            0.13387253880500793,
            0.11488990485668182,
            0.10367856919765472,
            0.09496422857046127,
            0.07904153317213058,
            0.07092048227787018
        ]
    },
    "AGI_LANG": {
        "v_opt": [
            0.7494764924049377,
            0.636996865272522,
            0.9258978962898254,
            0.45174792408943176,
            0.6243707537651062,
            0.6094942092895508,
            0.406380832195282,
            0.9776872992515564
        ],
        "q_score": 0.6766120404005052,
        "mixture": {
            "We_present_CrossTL": 1.0
        },
        "stress": {
            "worst_1pct": 0.4866248776066906,
            "mean": 0.6690633010041708,
            "exact_worst": 0.406380832195282,
            "fragility": 0.5713064670562744
        },
        "variance_explained": [
            0.11083067953586578,
            0.08888085186481476,
            0.05938522890210152,
            0.05596517026424408,
            0.05034440755844116,
            0.04638006165623665,
            0.04020294174551964,
            0.03780785948038101
        ]
    },
    "NEURO": {
        "v_opt": [
            1.0,
            0.7708060145378113,
            0.8179023861885071,
            0.6949248313903809,
            0.343266099691391,
            0.3507356643676758,
            0.6625450849533081,
            0.7184258699417114
        ],
        "q_score": 0.6739576905965805,
        "mixture": {
            "In_an_effort": 1.0
        },
        "stress": {
            "worst_1pct": 0.4464469885111193,
            "mean": 0.6714024348393555,
            "exact_worst": 0.343266099691391,
            "fragility": 0.656733900308609
        },
        "variance_explained": [
            0.13884469866752625,
            0.060217536985874176,
            0.05217677727341652,
            0.04790937155485153,
            0.04242134094238281,
            0.03779594600200653,
            0.03718610107898712,
            0.03412862494587898
        ]
    },
    "OUROBOROS": {
        "v_opt": [
            0.9873368144035339,
            0.9353049993515015,
            0.513413667678833,
            0.5572303533554077,
            0.6122444272041321,
            0.8856987953186035,
            0.6358674168586731,
            0.830108642578125
        ],
        "q_score": 0.7423181176185608,
        "mixture": {
            "Learning_Markov_blanket": 1.0
        },
        "stress": {
            "worst_1pct": 0.5888745655010414,
            "mean": 0.7481247367201492,
            "exact_worst": 0.513413667678833,
            "fragility": 0.4739231467247009
        },
        "variance_explained": [
            0.12014495581388474,
            0.07214587181806564,
            0.06705928593873978,
            0.05629668012261391,
            0.04001601040363312,
            0.03969164192676544,
            0.037472985684871674,
            0.032659225165843964
        ]
    },
    "isomorphisms": [
        "Mapped AGI_LANG:Verification -> NEURO:Structural_Integration (Mathematical Isomorphism identified).",
        "Mapped AGI_LANG:Self_Modification -> NEURO:Predictive_Generation (Mathematical Isomorphism identified).",
        "Mapped OUROBOROS:Metacognition -> AGING:Epigenetic_Shift (Mathematical Isomorphism identified).",
        "Mapped TOE:Symmetry -> ECON:Equilibrium (Mathematical Isomorphism identified)."
    ]
}