{
    "CONSCIOUSNESS": {
        "v_opt": [
            0.4543166398621573,
            0.5173178071809781,
            0.4544164201409946,
            0.4677890815944775,
            0.48182623518486556,
            0.5797621351293998,
            0.3100406059143406,
            0.6268228796060995
        ],
        "q_score": 0.47957577996515094,
        "mixture": {
            "Panpsychism_Prop": 0.21474997689842643,
            "FreeWill_Nash": 0.3949552249672075,
            "DoC_Clinical": 0.390294798134366
        },
        "robustness": {
            "IIT_Phi": {
                "worst_stoch": 0.2590555393318075,
                "worst_exact": 0.19149319652458574,
                "mean": 0.4430433701776061,
                "fragility": 0.5633309807625183
            },
            "GWT_Broadcast": {
                "worst_stoch": 0.17951266219800488,
                "worst_exact": 0.1275054209696851,
                "mean": 0.362775762401283,
                "fragility": 0.5531486027919953
            },
            "PP_ActiveInfer": {
                "worst_stoch": 0.1354813194512815,
                "worst_exact": 0.0,
                "mean": 0.43746394151188234,
                "fragility": 0.8849040791514933
            },
            "HOT_MetaRep": {
                "worst_stoch": 0.13953448379660888,
                "worst_exact": 0.0,
                "mean": 0.45106732082344625,
                "fragility": 0.8877702003994683
            },
            "Illusionism_Rep": {
                "worst_stoch": 0.15937486248626007,
                "worst_exact": 0.08552922052218248,
                "mean": 0.38599070496705873,
                "fragility": 0.6794808985285091
            },
            "Panpsychism_Prop": {
                "worst_stoch": 0.3802822549832769,
                "worst_exact": 0.346928867340185,
                "mean": 0.4825700808840387,
                "fragility": 0.4047807042634509
            },
            "IRT_Latent": {
                "worst_stoch": 0.19982657440305615,
                "worst_exact": 0.1451736357231298,
                "mean": 0.38583930265868993,
                "fragility": 0.5025129864051582
            },
            "Thermo_Phase": {
                "worst_stoch": 0.18737596384351538,
                "worst_exact": 0.061823485969006775,
                "mean": 0.405761119256431,
                "fragility": 0.5263288653535102
            },
            "ECC_Shannon": {
                "worst_stoch": 0.18741727366850602,
                "worst_exact": 0.09615245837526759,
                "mean": 0.3970725936813101,
                "fragility": 0.8314082338490434
            },
            "Self_Model": {
                "worst_stoch": 0.22133283202076506,
                "worst_exact": 0.13839831609014763,
                "mean": 0.4553683101526698,
                "fragility": 0.8393736836413919
            },
            "FreeWill_Nash": {
                "worst_stoch": 0.34752033565777346,
                "worst_exact": 0.27586039589660966,
                "mean": 0.4954572529547628,
                "fragility": 0.47598600868850843
            },
            "DoC_Clinical": {
                "worst_stoch": 0.2085213677945167,
                "worst_exact": 0.035822471292586644,
                "mean": 0.4789986158714267,
                "fragility": 0.8434337382123664
            }
        },
        "variance_explained": null
    },
    "TOE": {
        "v_opt": [
            0.5694090396755643,
            0.2330335371398819,
            0.6533736160332133,
            0.4211401588658203,
            0.5676252156408657,
            0.6068530370851368,
            0.6870843145033032,
            0.36890061193754625
        ],
        "q_score": 0.5119345223621848,
        "mixture": {
            "AdS_CFT": 0.39551500712614934,
            "Entropic_Gravity": 0.6044849928738506
        },
        "robustness": {
            "String_Theory": {
                "worst_stoch": 0.26683162394439447,
                "worst_exact": 0.21024612093892286,
                "mean": 0.421059593238709,
                "fragility": 0.3890739198570879
            },
            "Loop_QG": {
                "worst_stoch": 0.10921537531708907,
                "worst_exact": 0.0,
                "mean": 0.4984219618681957,
                "fragility": 1.0
            },
            "Wolfram_Physics": {
                "worst_stoch": 0.19005025100453796,
                "worst_exact": 0.08725200973549163,
                "mean": 0.4891953182336797,
                "fragility": 0.8374775812001347
            },
            "AdS_CFT": {
                "worst_stoch": 0.264759667820554,
                "worst_exact": 0.16072772607385233,
                "mean": 0.503705669297303,
                "fragility": 0.5381820155048238
            },
            "Causal_Sets": {
                "worst_stoch": 0.1887243911900844,
                "worst_exact": 0.09986333905998462,
                "mean": 0.4811120954369271,
                "fragility": 0.9001366609400154
            },
            "Asymptotic_Safe": {
                "worst_stoch": 0.25645268886271816,
                "worst_exact": 0.13469458453600117,
                "mean": 0.4637173606844942,
                "fragility": 0.6232426807608232
            },
            "Twistor_Theory": {
                "worst_stoch": 0.18532653106043537,
                "worst_exact": 0.11014701011577477,
                "mean": 0.3599033200266744,
                "fragility": 0.44322034517737163
            },
            "Entropic_Gravity": {
                "worst_stoch": 0.3597000777490675,
                "worst_exact": 0.2803432862919354,
                "mean": 0.5126654041864381,
                "fragility": 0.423054229328405
            }
        },
        "variance_explained": null
    },
    "AGING": {
        "v_opt": [
            0.4425585556809545,
            0.630851073716743,
            0.8383089291301782,
            0.981130352845863,
            0.7232285295991465,
            0.280902298504878,
            0.1806376341054179,
            0.5104149713416338
        ],
        "q_score": 0.5504525982411762,
        "mixture": {
            "Inflammaging_IL6": 1.0
        },
        "robustness": {
            "Epigenetic_Clock": {
                "worst_stoch": 0.19745668147493858,
                "worst_exact": 0.11365411863660269,
                "mean": 0.3889175786430641,
                "fragility": 0.770392521622927
            },
            "Senescence_SASP": {
                "worst_stoch": 0.28186982384742476,
                "worst_exact": 0.15561836910247467,
                "mean": 0.5872245759591781,
                "fragility": 0.8443816308975254
            },
            "Telomere_Attrition": {
                "worst_stoch": 0.2250984715298943,
                "worst_exact": 0.1551456972129504,
                "mean": 0.47615394412255546,
                "fragility": 0.7502492713047206
            },
            "Mitochondrial_ROS": {
                "worst_stoch": 0.1484600625343114,
                "worst_exact": 0.09445308966241778,
                "mean": 0.39844912449566144,
                "fragility": 0.8171529310292405
            },
            "Proteostasis_HSP": {
                "worst_stoch": 0.17594405524247908,
                "worst_exact": 0.0,
                "mean": 0.4781920582337814,
                "fragility": 0.7367496575902509
            },
            "mTOR_Sirtuin": {
                "worst_stoch": 0.3219078344600402,
                "worst_exact": 0.27239494075067067,
                "mean": 0.49462150773573804,
                "fragility": 0.503520550116126
            },
            "Inflammaging_IL6": {
                "worst_stoch": 0.287018722411812,
                "worst_exact": 0.1806376341054179,
                "mean": 0.5717689410698344,